"","repository","commits","committers","authors","files"
"1",1,8,4,4,788
"2",2,614,15,19,454
"3",3,0,0,0,0
"4",4,169,7,8,804
"5",5,2771,163,194,389
"6",6,876,7,7,288
"7",7,690,42,44,272
"8",8,2156,47,55,1895
"9",9,246,21,22,154
"10",10,4733,153,187,1138
"11",11,402,58,73,194
"12",12,398,13,16,370
"13",13,8367,372,419,10253
"14",14,1003,36,50,482
"15",15,979,24,30,2408
"16",16,985,25,31,2452
"17",17,13,3,4,133
"18",18,1209,109,131,321
"19",19,34,11,12,24
"20",20,305,8,9,121
"21",21,60,7,7,21
"22",22,1823,93,96,1070
"23",23,3357,193,231,571
"24",24,1350,95,102,321
"25",25,19,1,1,52
"26",26,86,2,2,73
"27",27,28,6,6,32
"28",28,587,10,16,86
"29",29,30,19,23,34
"30",30,382,35,42,199
"31",31,623,189,211,135
"32",32,1470,226,256,304
"33",33,652,171,200,153
"34",34,1293,237,259,351
"35",35,727,142,165,275
"36",36,4809,59,109,1984
"37",37,882,116,139,249
"38",38,4187,259,333,829
"39",39,2908,320,378,489
"40",40,162,29,31,101
"41",41,171,5,9,46
"42",42,546,100,133,194
"43",43,2820,267,363,515
"44",44,4350,264,307,2025
"45",45,203,34,41,91
"46",46,275,88,94,167
"47",47,62,5,6,20
"48",48,9910,307,396,1430
"49",49,10474,396,562,1535
"50",50,6795,464,631,715
"51",51,11989,435,616,1221
"52",52,2051,177,194,573
"53",53,5655,393,567,1141
"54",54,42671,636,1160,7379
"55",55,1513,31,32,483
"56",56,14695,456,696,4136
"57",57,1445,51,66,268
"58",58,2605,249,295,474
"59",59,249,9,10,208
"60",60,2921,30,35,741
"61",61,1552,158,188,206
"62",62,3921,351,467,505
"63",63,483,90,104,239
"64",64,344,64,67,246
"65",65,5,2,2,26
"66",66,3920,351,443,383
"67",67,1586,276,307,214
"68",68,843,72,84,659
"69",69,25806,710,1021,3330
"70",70,8843,475,640,990
"71",71,9614,515,727,1356
"72",72,136,39,42,89
"73",73,97,28,32,62
"74",74,11,4,4,14
"75",75,89,4,5,44
"76",76,88,1,1,121
"77",77,220,2,4,37
"78",78,1989,10,16,470
"79",79,226,57,73,115
"80",80,12027,573,772,2992
"81",81,732,232,267,216
"82",82,3924,346,437,385
"83",83,154,15,16,96
"84",84,726,50,63,425
"85",85,533,62,85,107
"86",86,4730,87,131,713
"87",87,1270,104,141,139
"88",88,14486,643,926,2295
"89",89,6147,576,708,817
"90",90,467,108,119,238
"91",91,1578,216,246,611
"92",92,1074,105,141,208
"93",93,1262,34,42,221
"94",94,193,69,72,128
"95",95,117,4,4,228
"96",96,2430,216,252,3006
"97",97,164,10,10,408
"98",98,313,8,10,409
"99",99,360,55,64,172
"100",100,3400,302,407,1438
"101",101,295,73,79,170
"102",102,38,8,11,183
"103",103,4860,445,547,838
"104",104,1317,270,302,207
"105",105,625,108,134,243
"106",106,70,11,11,109
"107",107,19,2,2,13
"108",108,1184,249,299,205
"109",109,532,88,98,297
"110",110,12772,624,847,1278
"111",111,243,13,20,186
"112",112,4768,299,383,1053
"113",113,433,86,91,254
"114",114,2183,254,305,271
"115",115,514,124,145,142
"116",116,840,156,188,203
"117",117,6264,542,668,552
"118",118,3707,280,388,688
"119",119,5912,226,373,763
"120",120,242,4,5,228
"121",121,1498,69,77,454
"122",122,527,54,72,268
"123",123,1021,147,184,272
"124",124,3346,342,422,287
"125",125,4592,403,494,352
"126",126,411,95,103,177
"127",127,1280,97,115,1652
"128",128,3052,156,207,1695
"129",129,748,210,237,160
"130",130,483,26,34,585
"131",131,203,74,89,145
"132",132,21,9,9,37
"133",133,3,1,1,9
"134",134,395,70,83,100
"135",135,1563,173,192,602
"136",136,33,4,4,24
"137",137,515,23,25,48
"138",138,479,57,76,253
"139",139,7485,421,543,717
"140",140,1144,9,9,1234
"141",141,3563,320,426,507
"142",142,4706,219,271,1042
"143",143,2698,307,349,303
"144",144,2505,179,236,304
"145",145,540,100,109,221
"146",146,207,62,67,112
"147",147,2929,238,289,899
"148",148,315,81,99,172
"149",149,147,54,62,143
"150",150,8,4,4,32
"151",151,2160,244,293,568
"152",152,6,2,2,58
"153",153,2740,237,274,508
"154",154,1404,228,278,756
"155",155,182,14,14,159
"156",156,1998,318,359,206
"157",157,46,1,1,38
"158",158,145,34,40,189
"159",159,4809,400,552,475
"160",160,1154,124,147,943
"161",161,139,31,33,262
"162",162,1131,178,198,202
"163",163,5171,438,590,546
"164",164,18221,599,849,3155
"165",165,2328,104,121,730
"166",166,98,31,39,56
"167",167,899,192,239,178
"168",168,49,11,13,79
"169",169,2,1,1,5
"170",170,43,8,9,30
"171",171,577,60,63,126
"172",172,7314,250,321,1121
"173",173,1123,58,66,492
"174",174,3388,122,204,1092
"175",175,122,28,35,210
"176",176,3824,267,336,1007
"177",177,70,16,20,145
"178",178,438,149,167,294
"179",179,479,51,58,446
"180",180,341,10,16,62
"181",181,2792,281,337,254
"182",182,465,91,105,130
"183",183,115,28,36,171
"184",184,404,89,95,222
"185",185,109,37,42,163
"186",186,631,35,46,243
"187",187,3722,294,409,989
"188",188,8713,422,562,889
"189",189,672,119,139,218
"190",190,516,58,63,132
"191",191,4,1,1,2
"192",192,106,4,6,25
"193",193,2078,230,294,478
"194",194,1839,271,336,354
"195",195,3038,262,312,366
"196",196,187,86,92,108
"197",197,4088,416,511,749
"198",198,1474,195,220,617
"199",199,1969,232,265,842
"200",200,2200,303,390,234
"201",201,1945,100,149,531
"202",202,361,125,135,147
"203",203,14992,617,905,2030
"204",204,2201,142,204,552
"205",205,36304,837,1286,5134
"206",206,330,5,6,103
"207",207,92,4,7,60
"208",208,477,47,53,50
"209",209,3399,345,437,640
"210",210,2508,303,380,495
"211",211,345,17,28,263
"212",212,3719,408,491,438
"213",213,5518,401,522,721
"214",214,389,17,38,252
"215",215,4128,60,183,3605
"216",216,1547,25,60,2007
"217",217,4001,104,129,616
"218",218,6,1,1,21
"219",219,11068,170,243,2916
"220",220,23,6,7,169
"221",221,537,103,112,1429
"222",222,119,14,21,326
"223",223,1424,188,226,227
"224",224,34955,423,687,9040
"225",225,920,104,118,631
"226",226,22,2,2,26
"227",227,1637,40,59,1276
"228",228,4538,93,120,1692
"229",229,78,3,3,27
"230",230,21037,286,410,3931
"231",231,3481,86,105,1038
"232",232,1286,82,96,401
"233",233,499,37,51,157
"234",234,1631,20,26,415
"235",235,1129,141,167,568
"236",236,3,1,1,26
"237",237,33,1,1,83
"238",238,4,1,1,14
"239",239,22,1,1,9
"240",240,81,6,6,147
"241",241,19,1,1,495
"242",242,36,3,4,25
"243",243,26,17,17,82
"244",244,27,2,2,7
"245",245,16,1,3,41
"246",246,3,1,1,42
"247",247,4443,116,148,955
"248",248,1176,67,77,346
"249",249,28,4,4,257
"250",250,44,7,8,38
"251",251,656,8,8,1246
"252",252,1284,14,14,870
"253",253,757,11,11,892
"254",254,2189,13,13,1420
"255",255,13,1,1,103
"256",256,25,2,3,21
"257",257,2,1,1,408
"258",258,315,33,45,178
"259",259,388,44,46,179
"260",260,161,14,17,115
"261",261,470,80,91,138
"262",262,5,1,1,46
"263",263,356,44,47,189
"264",264,13,2,2,12
"265",265,710,32,49,268
"266",266,564,58,73,549
"267",267,25,3,3,61
"268",268,74,10,10,54
"269",269,1,1,1,10
"270",270,21,2,2,54
"271",271,78,2,2,59
"272",272,95,17,17,122
"273",273,11,3,3,23
"274",274,189,18,18,188
"275",275,3,2,2,14
"276",276,2,1,1,2
"277",277,5,2,2,10
"278",278,36,5,6,44
"279",279,205,17,17,113
"280",280,2,2,3,3
"281",281,147,51,54,92
"282",282,118,22,23,152
"283",283,5,1,1,148
"284",284,12,2,2,51
"285",285,12,1,1,31
"286",286,973,8,8,312
"287",287,34,2,2,13
"288",288,36,4,4,211
"289",289,2013,133,182,878
"290",290,973,141,161,192
"291",291,518,44,57,327
"292",292,19,2,3,25
"293",293,229,31,34,129
"294",294,293,58,63,168
"295",295,82,7,7,316
"296",296,44,6,6,109
"297",297,409,43,46,97
"298",298,32,3,4,83
"299",299,105,4,5,170
"300",300,77,20,20,51
"301",301,19,2,2,31
"302",302,67,5,6,75
"303",303,104,50,53,74
"304",304,72,3,3,50
"305",305,7,2,2,8
"306",306,499,17,22,170
"307",307,8,2,2,83
"308",308,509,11,13,451
"309",309,8,2,2,498
"310",310,2,1,1,22
"311",311,132,16,18,39
"312",312,18,1,1,6
"313",313,17,1,1,37
"314",314,21,1,1,52
"315",315,21,1,1,16
"316",316,3,1,1,12
"317",317,6,3,3,99
"318",318,2,1,1,6
"319",319,110,1,1,70
"320",320,1,1,1,22
"321",321,65,4,7,19
"322",322,4,2,2,550
"323",323,2186,78,93,716
"324",324,320,84,89,87
"325",325,2112,161,197,850
"326",326,23,2,2,49
"327",327,1663,152,185,274
"328",328,7,2,2,31
"329",329,3,1,1,13
"330",330,1,1,1,102
"331",331,9,1,1,31
"332",332,336,16,20,225
"333",333,1035,58,182,429
"334",334,41,5,5,141
"335",335,1,1,1,3
"336",336,236,40,41,200
"337",337,8,2,2,15
"338",338,527,24,24,231
"339",339,16,2,2,100
"340",340,1,1,1,10
"341",341,12,1,1,24
"342",342,1,1,1,7
"343",343,117,39,39,16
"344",344,88,31,32,95
"345",345,3,1,1,37
"346",346,2811,205,239,444
"347",347,44,20,21,57
"348",348,682,7,7,164
"349",349,227,18,20,620
"350",350,10,2,2,11
"351",351,23,2,2,49
"352",352,100,5,5,76
"353",353,143,6,6,189
"354",354,12,2,2,40
"355",355,4,3,3,4
"356",356,16,3,3,27
"357",357,993,49,63,582
"358",358,424,14,15,431
"359",359,83,11,11,49
"360",360,59,17,17,82
"361",361,144,8,8,127
"362",362,98,7,7,1007
"363",363,55,10,12,69
"364",364,313,72,82,143
"365",365,59,15,16,176
"366",366,275,68,73,128
"367",367,141,6,7,99
"368",368,67,12,15,78
"369",369,203,21,22,134
"370",370,11,1,1,28
"371",371,117,16,17,120
"372",372,450,4,4,247
"373",373,2,2,2,31
"374",374,54,4,5,47
"375",375,41,5,5,38
"376",376,35,2,3,88
"377",377,12,9,9,62
"378",378,497,54,65,116
"379",379,2,1,1,33
"380",380,28,2,2,15
"381",381,43,17,18,43
"382",382,28,13,13,28
"383",383,23,1,1,25
"384",384,58,23,26,93
"385",385,10,1,2,53
"386",386,1,1,1,18
"387",387,100,15,15,94
"388",388,388,83,91,151
"389",389,171,32,34,157
"390",390,47,3,3,71
"391",391,174,1,1,198
"392",392,45,12,12,278
"393",393,65,4,5,111
"394",394,50,16,16,37
"395",395,114,36,40,60
"396",396,80,7,9,87
"397",397,71,3,3,60
"398",398,1,1,1,3
"399",399,72,27,28,50
"400",400,1,1,1,0
"401",401,288,27,35,426
"402",402,3,2,2,280
"403",403,309,6,9,146
"404",404,3299,192,257,662
"405",405,20,9,9,36
"406",406,272,3,4,184
"407",407,29,9,9,65
"408",408,7129,6,7,828
"409",409,2193,11,30,425
"410",410,457,30,47,271
"411",411,53,3,3,24
"412",412,17,12,12,87
"413",413,38,4,7,35
"414",414,188,2,2,43
"415",415,203,43,44,306
"416",416,12,2,2,79
"417",417,6,2,2,145
"418",418,3,2,2,48
"419",419,1,1,1,5
"420",420,1,1,1,16
"421",421,4,1,1,29
"422",422,4,2,2,18
"423",423,7,1,1,19
"424",424,12,2,2,19
"425",425,70,3,3,419
"426",426,15,3,3,45
"427",427,1,1,1,93
"428",428,8,2,2,31
"429",429,6,2,2,23
"430",430,16,2,2,26
"431",431,568,72,107,137
"432",432,52,3,4,29
"433",433,435,38,52,125
"434",434,47,16,16,117
"435",435,44,7,7,44
"436",436,222,7,7,261
"437",437,10,1,1,31
"438",438,19,2,2,34
"439",439,18,1,1,30
"440",440,12,4,4,50
"441",441,10,1,1,30
"442",442,57,11,11,25
"443",443,5,1,1,27
"444",444,329,26,27,212
"445",445,241,24,24,190
"446",446,20,1,1,37
"447",447,10,1,1,45
"448",448,94,2,2,39
"449",449,155,24,29,77
"450",450,1967,182,215,276
"451",451,283,38,39,125
"452",452,115,11,15,70
"453",453,13,5,5,344
"454",454,350,11,12,746
"455",455,68,7,7,493
"456",456,3,1,1,3
"457",457,11,4,4,15
"458",458,6,1,2,70
"459",459,758,13,14,269
"460",460,34,2,2,76
"461",461,59,13,14,164
"462",462,381,38,40,81
"463",463,167,5,10,32
"464",464,160,2,2,515
"465",465,4,1,1,19
"466",466,39,1,1,60
"467",467,658,1,1,365
"468",468,1164,130,150,596
"469",469,5,2,2,35
"470",470,104,6,13,190
"471",471,63,13,13,80
"472",472,12,4,4,54
"473",473,1,1,1,79
"474",474,14,3,3,30
"475",475,25,2,2,36
"476",476,211,47,54,298
"477",477,27,2,3,58
"478",478,28,8,8,336
"479",479,100,6,6,248
"480",480,0,0,0,0
"481",481,39,6,6,91
"482",482,4,1,1,35
"483",483,3,3,3,57
"484",484,0,0,0,0
"485",485,65,19,19,212
"486",486,91,7,9,15
"487",487,21,2,2,5
"488",488,2,2,2,10
"489",489,849,54,67,403
"490",490,120,7,9,137
"491",491,69,33,33,113
"492",492,38,11,12,43
"493",493,62,33,35,63
"494",494,7,1,1,16
"495",495,50,2,2,75
"496",496,620,107,126,202
"497",497,46,4,4,48
"498",498,7,1,1,29
"499",499,695,64,68,261
"500",500,20,4,4,10
"501",501,8168,227,323,2065
"502",502,32,4,7,66
"503",503,0,0,0,0
"504",504,575,107,121,200
"505",505,1138,51,69,622
"506",506,202,9,9,106
"507",507,237,15,15,186
"508",508,3,2,2,11
"509",509,13,9,9,38
"510",510,33,12,12,560
"511",511,21,5,6,22
"512",512,1,1,1,14
"513",513,889,38,41,1240
"514",514,23,6,6,57
"515",515,87,19,19,160
"516",516,4,1,1,14
"517",517,24,2,4,38
"518",518,212,5,5,129
"519",519,0,0,0,0
"520",520,20,3,3,123
"521",521,27,13,13,39
"522",522,966,197,203,577
"523",523,12500,491,684,3050
"524",524,1,1,1,1
"525",525,68,4,5,87
"526",526,45,11,11,69
"527",527,814,32,39,220
"528",528,173,15,15,42
"529",529,163,35,37,137
"530",530,93,9,11,129
"531",531,3,1,1,3
"532",532,13,3,3,5
"533",533,182,37,37,246
"534",534,6,2,2,35
"535",535,585,127,144,140
"536",536,6142,207,311,1323
"537",537,213,23,27,91
"538",538,40,4,4,27
"539",539,168,37,41,95
"540",540,780,182,198,255
"541",541,5,2,2,37
"542",542,138,39,39,73
"543",543,242,78,80,76
"544",544,14,2,2,88
"545",545,933,233,258,196
"546",546,953,116,144,369
"547",547,15,2,3,7
"548",548,255,47,55,336
"549",549,145,49,51,115
"550",550,8,1,1,28
"551",551,2,1,1,43
"552",552,9,2,2,13
"553",553,54,1,1,150
"554",554,277,15,31,591
"555",555,38,1,1,95
"556",556,2150,142,177,410
"557",557,140,53,54,103
"558",558,34,6,6,102
"559",559,264,38,45,286
"560",560,112,10,13,153
"561",561,4,1,1,9
"562",562,44,2,2,40
"563",563,24,4,5,34
"564",564,3,1,1,22
"565",565,4,1,1,49
"566",566,102,50,53,122
"567",567,2,2,2,8
"568",568,1,1,1,17
"569",569,10,2,2,260
"570",570,1,1,1,27
"571",571,282,15,16,122
"572",572,4,1,1,11
"573",573,106,36,36,57
"574",574,1,1,1,1
"575",575,5018,312,450,769
"576",576,24,4,4,58
"577",577,655,13,13,3588
"578",578,16,3,4,45
"579",579,1782,246,267,1673
"580",580,3,1,1,11
"581",581,69,39,40,82
"582",582,4,2,2,26
"583",583,85,2,2,37
"584",584,9174,510,685,1487
"585",585,264,50,57,227
"586",586,4,1,1,46
"587",587,4,2,2,32
"588",588,5,1,1,21
"589",589,124,5,17,122
"590",590,1394,156,191,110
"591",591,2,2,2,777
"592",592,54,4,4,903
"593",593,45,4,5,50
"594",594,5,1,1,3
"595",595,4,1,1,30
"596",596,25,3,3,2122
"597",597,32,2,3,61
"598",598,190,37,43,295
"599",599,2741,151,196,544
"600",600,32,4,5,46
"601",601,815,13,56,712
"602",602,8,1,1,4
"603",603,12,1,2,27
"604",604,12,2,2,26
"605",605,233,75,82,146
"606",606,0,0,0,0
"607",607,32,3,4,204
"608",608,147,11,11,1331
"609",609,298,58,63,89
"610",610,8,4,4,30
"611",611,6,1,1,138
"612",612,28,6,6,38
"613",613,7,3,4,137
"614",614,119,12,12,73
"615",615,1886,135,161,414
"616",616,117,26,26,56
"617",617,4,1,1,11
"618",618,363,59,60,143
"619",619,12,2,2,8
"620",620,25,3,3,107
"621",621,25,1,1,47
"622",622,2,1,1,20
"623",623,2798,238,269,402
"624",624,531,5,5,228
"625",625,20,1,1,80
"626",626,2836,92,118,598
"627",627,27,14,15,190
"628",628,28,4,5,127
"629",629,1760,137,168,638
"630",630,343,56,59,119
"631",631,13,4,4,44
"632",632,698,34,39,536
"633",633,221,3,3,240
"634",634,61,2,2,92
"635",635,53,1,1,32
"636",636,43,4,10,42
"637",637,113,7,7,152
"638",638,179,5,5,98
"639",639,32,3,3,29
"640",640,13,6,6,371
"641",641,0,0,0,0
"642",642,28,11,12,37
"643",643,17,1,1,13
"644",644,12,1,1,23
"645",645,15,2,3,53
"646",646,30,4,5,26
"647",647,7,1,2,32
"648",648,312,40,40,293
"649",649,3,1,1,26
"650",650,3,1,1,10
"651",651,147,1,3,269
"652",652,2352,28,31,850
"653",653,113,1,1,119
"654",654,32,6,6,31
"655",655,52,2,2,55
"656",656,271,3,10,229
"657",657,269,4,5,364
"658",658,36,7,7,163
"659",659,1,1,1,28
"660",660,7,3,3,44
"661",661,10,4,4,54
"662",662,9,3,3,2
"663",663,0,0,0,0
"664",664,113,11,12,51
"665",665,67,4,4,55
"666",666,34,3,3,46
"667",667,1,1,1,196
"668",668,1,1,1,285
"669",669,1107,37,54,518
"670",670,62,13,13,99
"671",671,20,1,1,28
"672",672,1695,11,55,1037
"673",673,28,3,3,23
"674",674,55,2,2,397
"675",675,16,2,2,73
"676",676,11,1,1,3
"677",677,24,1,1,12
"678",678,9,1,1,55
"679",679,578,6,7,208
"680",680,6,1,1,100
"681",681,699,71,79,193
"682",682,86,4,4,30
"683",683,93,2,4,44
"684",684,42,2,2,69
"685",685,1,1,1,226
"686",686,5,1,1,23
"687",687,216,2,2,81
"688",688,2,1,1,43
"689",689,55,2,2,33
"690",690,18,4,5,17
"691",691,251,4,4,216
"692",692,243,7,8,258
"693",693,1364,37,40,1457
"694",694,166,11,12,139
"695",695,62,7,7,54
"696",696,430,29,30,206
"697",697,1277,42,54,848
"698",698,4,1,1,41
"699",699,45,6,6,142
"700",700,12,7,7,54
"701",701,5,4,4,117
"702",702,390,72,76,36
"703",703,306,90,96,112
"704",704,41,13,13,320
"705",705,105,6,6,144
"706",706,15,2,2,30
"707",707,45,13,15,72
"708",708,5,2,2,277
"709",709,142,1,1,45
"710",710,8,1,1,12
"711",711,79,2,2,57
"712",712,2,1,1,16
"713",713,433,45,56,122
"714",714,718,60,75,157
"715",715,2,1,1,7
"716",716,50,9,9,100
"717",717,330,43,50,162
"718",718,534,19,19,119
"719",719,7,1,1,104
"720",720,2,1,1,5
"721",721,18,2,2,27
"722",722,10,1,1,33
"723",723,75,6,6,15
"724",724,6,1,1,65
"725",725,8,2,2,7
"726",726,6,1,1,22
"727",727,59,12,13,60
"728",728,1,1,1,3
"729",729,108,10,10,36
"730",730,5,1,1,5
"731",731,20,3,3,460
"732",732,1086,136,163,110
"733",733,104,6,10,85
"734",734,58,2,2,27
"735",735,118,12,15,72
"736",736,110,10,12,72
"737",737,14,1,1,20
"738",738,5,4,4,43
"739",739,14,6,8,70
"740",740,140,13,14,47
"741",741,30,2,2,163
"742",742,3,2,2,33
"743",743,3,1,1,18
"744",744,0,0,0,0
"745",745,2,1,1,17
"746",746,121,39,41,99
"747",747,214,19,19,108
"748",748,4,1,1,23
"749",749,268,59,59,180
"750",750,473,17,17,266
"751",751,1116,89,125,244
"752",752,267,35,37,94
"753",753,251,86,97,95
"754",754,1738,120,175,1010
"755",755,94,3,6,204
"756",756,33,20,20,48
"757",757,86,9,16,54
"758",758,15,1,1,37
"759",759,32,2,2,111
"760",760,188,57,59,131
"761",761,189,9,19,216
"762",762,47,6,6,61
"763",763,69,6,6,56
"764",764,123,8,9,33
"765",765,114,24,24,91
"766",766,1777,31,31,1046
"767",767,96,7,7,74
"768",768,13,6,6,43
"769",769,74,18,23,54
"770",770,74,6,6,112
"771",771,509,9,11,80
"772",772,64,2,2,48
"773",773,65,6,6,64
"774",774,140,10,11,40
"775",775,7,2,2,28
"776",776,51,6,6,638
"777",777,0,0,0,0
"778",778,432,46,55,808
"779",779,242,24,27,824
"780",780,22,3,3,27
"781",781,150,5,6,36
"782",782,2,2,2,236
"783",783,274,46,46,140
"784",784,628,50,56,218
"785",785,225,10,15,53
"786",786,268,4,12,149
"787",787,53,6,10,71
"788",788,2,2,2,25
"789",789,27,3,5,95
"790",790,26,1,1,34
"791",791,1599,19,26,701
"792",792,0,0,0,0
"793",793,135,2,2,70
"794",794,4,1,1,31
"795",795,368,6,6,181
"796",796,233,49,59,136
"797",797,88,18,27,13
"798",798,17,2,2,94
"799",799,100,20,20,83
"800",800,10,1,2,16
"801",801,96,16,17,49
"802",802,572,50,77,53
"803",803,280,30,37,55
"804",804,92,4,4,133
"805",805,69,3,3,177
"806",806,36,2,2,35
"807",807,1,1,1,36
"808",808,193,6,12,205
"809",809,939,27,27,1052
"810",810,235,6,6,295
"811",811,71,5,5,48
"812",812,18,2,3,38
"813",813,301,80,86,93
"814",814,3,1,1,48
"815",815,22,2,2,51
"816",816,5630,119,178,1069
"817",817,131,34,35,151
"818",818,2,2,2,24
"819",819,9,3,3,8
"820",820,899,99,115,679
"821",821,13,1,1,6
"822",822,357,60,72,258
"823",823,10,2,2,18
"824",824,25,2,2,14
"825",825,269,23,38,240
"826",826,969,48,59,666
"827",827,33,2,2,67
"828",828,264,3,3,183
"829",829,477,40,47,143
"830",830,16,1,2,33
"831",831,25,3,3,449
"832",832,1,1,1,8
"833",833,148,5,5,179
"834",834,32,1,1,17
"835",835,957,53,64,407
"836",836,1272,104,120,336
"837",837,9,1,1,16
"838",838,2,1,1,3
"839",839,12,2,2,32
"840",840,4,3,3,18
"841",841,8,1,2,27
"842",842,257,47,49,81
"843",843,1,1,1,1
"844",844,90,1,1,45
"845",845,171,6,10,378
"846",846,114,41,41,89
"847",847,483,14,14,678
"848",848,336,48,55,309
"849",849,11,2,2,59
"850",850,54,32,33,81
"851",851,8,2,2,38
"852",852,1,1,1,2
"853",853,676,93,104,165
"854",854,16,2,2,25
"855",855,15160,135,252,8628
"856",856,16,3,3,22
"857",857,1169,53,65,673
"858",858,8,1,1,36
"859",859,218,40,42,91
"860",860,55,4,7,52
"861",861,21,4,4,88
"862",862,5,1,1,13
"863",863,272,7,9,214
"864",864,4578,113,137,794
"865",865,30,3,3,20
"866",866,6,3,3,28
"867",867,29,4,4,105
"868",868,81,3,3,55
"869",869,293,50,50,130
"870",870,9,2,2,10
"871",871,3,2,2,17
"872",872,3,1,1,39
"873",873,18,4,4,19
"874",874,5,3,3,19
"875",875,1,1,1,3
"876",876,47,1,1,407
"877",877,248,15,15,125
"878",878,12,6,6,20
"879",879,17,5,5,35
"880",880,1,1,1,1
"881",881,15,4,4,64
"882",882,2,1,1,9
"883",883,407,39,39,183
"884",884,261,27,27,85
"885",885,71,7,7,47
"886",886,9,1,1,11
"887",887,200,2,2,275
"888",888,49,5,7,42
"889",889,6,2,2,5
"890",890,408,69,78,148
"891",891,30,2,2,42
"892",892,141,10,13,87
"893",893,7,1,1,23
"894",894,87,8,8,68
"895",895,15,2,2,23
"896",896,137,10,10,41
"897",897,104,6,6,46
"898",898,67,2,2,21
"899",899,14,2,2,44
"900",900,55,2,2,52
"901",901,306,77,91,136
"902",902,284,46,48,110
"903",903,6,2,2,18
"904",904,903,11,13,180
"905",905,121,5,6,45
"906",906,23,3,3,25
"907",907,10,4,5,64
"908",908,3,1,2,25
"909",909,708,64,70,352
"910",910,68,16,16,114
"911",911,534,11,11,90
"912",912,131,44,44,67
"913",913,173,34,38,78
"914",914,166,3,3,237
"915",915,539,35,39,230
"916",916,7,2,2,16
"917",917,536,13,16,43
"918",918,5,3,3,34
"919",919,40,9,10,292
"920",920,25,1,1,60
"921",921,6,1,1,139
"922",922,5418,113,131,1426
"923",923,638,78,95,662
"924",924,45,6,6,21
"925",925,53,2,3,154
"926",926,47,1,1,95
"927",927,34,1,1,66
"928",928,22,2,2,214
"929",929,167,7,17,225
"930",930,2,1,1,18
"931",931,160,4,4,102
"932",932,2,1,1,3
"933",933,13,1,1,23
"934",934,471,4,5,431
"935",935,10,1,2,17
"936",936,6,1,1,60
"937",937,19,4,6,157
"938",938,488,18,20,179
"939",939,208,4,4,73
"940",940,174,30,30,94
"941",941,187,3,3,429
"942",942,391,48,56,253
"943",943,32,7,7,19
"944",944,17,1,1,15
"945",945,2066,41,46,1195
"946",946,54,2,2,10
"947",947,308,89,92,115
"948",948,25,5,8,25
"949",949,1251,76,109,154
"950",950,1624,134,152,271
"951",951,56,19,20,43
"952",952,8,1,1,12
"953",953,47,3,5,29
"954",954,4,2,2,7
"955",955,1,1,1,58
"956",956,113,26,30,62
"957",957,98,18,18,69
"958",958,64,7,8,41
"959",959,183,5,5,121
"960",960,3,2,2,132
"961",961,17,2,2,24
"962",962,26,6,6,89
"963",963,77,22,23,349
"964",964,132,47,48,95
"965",965,212,42,45,186
"966",966,2,2,2,16
"967",967,3,1,1,14
"968",968,0,0,0,0
"969",969,10,2,2,16
"970",970,12,1,1,20
"971",971,290,26,30,43
"972",972,112,6,6,260
"973",973,81,4,4,89
"974",974,55,9,9,156
"975",975,4,2,2,49
"976",976,4,1,1,56
"977",977,534,19,20,615
"978",978,4663,136,168,3897
"979",979,6,2,2,49
"980",980,59,1,1,53
"981",981,147,52,53,104
"982",982,2,2,2,8
"983",983,183,19,24,171
"984",984,103,6,7,48
"985",985,4,1,1,97
"986",986,6,2,2,55
"987",987,112,2,2,97
"988",988,16,1,1,153
"989",989,2314,58,86,604
"990",990,28,13,13,64
"991",991,4,2,2,3
"992",992,5,2,2,163
"993",993,80,15,20,155
"994",994,29,4,4,150
"995",995,478,6,7,268
"996",996,316,10,12,315
"997",997,25,5,6,92
"998",998,45,7,9,77
"999",999,351,13,17,307
"1000",1000,368,14,18,363
"1001",1001,45,6,6,86
"1002",1002,137,12,27,82
"1003",1003,42,4,5,73
"1004",1004,67,7,8,86
"1005",1005,754,52,53,223
"1006",1006,98,31,31,94
"1007",1007,428,60,63,376
"1008",1008,2046,37,91,875
"1009",1009,170,37,40,135
"1010",1010,618,22,27,191
"1011",1011,129,12,15,216
"1012",1012,9,2,2,50
"1013",1013,665,11,15,352
"1014",1014,262,7,7,144
"1015",1015,2154,39,100,1443
"1016",1016,481,27,38,398
"1017",1017,300,10,15,183
"1018",1018,214,2,2,97
"1019",1019,6,2,2,63
"1020",1020,43,3,3,82
"1021",1021,472,11,24,263
"1022",1022,124,10,21,106
"1023",1023,152,10,23,145
"1024",1024,15,5,7,77
"1025",1025,78,4,4,54
"1026",1026,36,3,3,71
"1027",1027,123,4,4,106
"1028",1028,274,17,34,224
"1029",1029,177,7,8,68
"1030",1030,172,9,18,67
"1031",1031,112,13,17,429
"1032",1032,421,20,23,236
"1033",1033,243,17,20,51
"1034",1034,2816,87,181,427
"1035",1035,3295,68,99,904
"1036",1036,789,9,9,748
"1037",1037,594,19,19,160
"1038",1038,146,11,11,66
"1039",1039,19,3,3,49
"1040",1040,6158,432,515,1008
"1041",1041,394,109,113,139
"1042",1042,460,58,68,167
"1043",1043,43,3,3,56
"1044",1044,9,2,2,40
"1045",1045,1677,194,205,575
"1046",1046,1834,196,216,709
"1047",1047,1535,284,321,241
"1048",1048,90,50,51,75
"1049",1049,460,122,133,256
"1050",1050,651,32,40,169
"1051",1051,172,71,76,168
"1052",1052,8764,219,258,1238
"1053",1053,8985,226,387,5125
"1054",1054,309,30,34,206
"1055",1055,4767,143,157,2392
"1056",1056,315,13,14,170
"1057",1057,960,54,62,406
"1058",1058,26,2,2,16
"1059",1059,262,60,66,122
"1060",1060,380,79,87,150
"1061",1061,94,3,4,160
"1062",1062,1298,42,46,2396
"1063",1063,7241,126,241,1556
"1064",1064,461,25,49,85
"1065",1065,7,3,3,64
"1066",1066,406,32,45,81
"1067",1067,101,4,4,103
"1068",1068,2394,99,162,1169
"1069",1069,2390,100,122,963
"1070",1070,543,56,65,187
"1071",1071,43,4,4,128
"1072",1072,158,3,9,75
"1073",1073,779,49,60,243
"1074",1074,744,64,87,265
"1075",1075,216,25,29,101
"1076",1076,5461,201,241,3739
"1077",1077,51,2,2,28
"1078",1078,130,39,40,73
"1079",1079,2,1,1,83
"1080",1080,390,3,3,128
"1081",1081,529,119,123,452
"1082",1082,623,49,57,186
"1083",1083,834,30,36,340
"1084",1084,2046,232,267,350
"1085",1085,299,50,59,140
"1086",1086,81,31,34,63
"1087",1087,463,104,121,140
"1088",1088,89,40,43,67
"1089",1089,315,70,76,154
"1090",1090,1250,61,77,158
"1091",1091,159,52,59,178
"1092",1092,178,16,17,153
"1093",1093,517,168,180,106
"1094",1094,6483,230,313,2201
"1095",1095,466,41,44,191
"1096",1096,608,71,78,165
"1097",1097,1664,82,103,346
"1098",1098,55,7,8,46
"1099",1099,1323,34,54,814
"1100",1100,1251,124,134,382
"1101",1101,8967,178,293,1370
"1102",1102,326,10,11,187
"1103",1103,12,1,1,24
"1104",1104,2153,84,123,512
"1105",1105,19,2,2,34
"1106",1106,5597,173,226,7276
"1107",1107,3260,397,449,319
"1108",1108,3553,74,87,571
"1109",1109,285,49,49,243
"1110",1110,158,4,5,85
"1111",1111,512,33,40,349
"1112",1112,1023,176,195,333
"1113",1113,4700,76,128,2117
"1114",1114,51,1,1,26
"1115",1115,1091,73,91,4904
"1116",1116,18,2,2,22
"1117",1117,88,3,5,36
"1118",1118,162,11,11,103
"1119",1119,411,82,101,130
"1120",1120,1041,123,131,268
"1121",1121,694,52,64,235
"1122",1122,31,9,10,228
"1123",1123,377,92,99,113
"1124",1124,4158,67,102,4842
"1125",1125,78,12,12,60
"1126",1126,7,1,1,12
"1127",1127,16,1,1,2
"1128",1128,933,48,76,309
"1129",1129,112,3,3,739
"1130",1130,877,48,58,242
"1131",1131,414,98,116,172
"1132",1132,506,4,4,157
"1133",1133,819,40,43,231
"1134",1134,467,14,15,202
"1135",1135,306,13,16,148
"1136",1136,984,35,40,1283
"1137",1137,389,103,111,116
"1138",1138,2458,240,318,524
"1139",1139,1192,75,104,224
"1140",1140,2205,99,149,411
"1141",1141,4,3,3,7
"1142",1142,10,3,3,27
"1143",1143,29,2,2,48
"1144",1144,25,3,3,34
"1145",1145,695,102,109,330
"1146",1146,96,10,10,94
"1147",1147,29,3,3,20
"1148",1148,1419,10,10,588
"1149",1149,39,4,4,31
"1150",1150,284,42,45,129
"1151",1151,711,120,132,279
"1152",1152,93,4,4,141
"1153",1153,1012,149,161,283
"1154",1154,864,63,75,372
"1155",1155,942,105,145,246
"1156",1156,345,9,11,249
"1157",1157,4,1,1,12
"1158",1158,4242,176,288,492
"1159",1159,1735,163,184,431
"1160",1160,433,106,111,263
"1161",1161,536,30,34,206
"1162",1162,413,21,24,237
"1163",1163,16,3,3,29
"1164",1164,918,71,74,471
"1165",1165,1249,81,91,171
"1166",1166,19,2,2,24
"1167",1167,526,62,100,100
"1168",1168,19,3,3,35
"1169",1169,7,2,2,28
"1170",1170,249,27,28,80
"1171",1171,455,117,132,125
"1172",1172,22,1,1,21
"1173",1173,4,3,2,7
"1174",1174,469,67,95,94
"1175",1175,5421,402,519,878
"1176",1176,228,38,41,76
"1177",1177,96,4,4,15
"1178",1178,168,26,32,194
"1179",1179,1274,89,128,487
"1180",1180,336,14,18,54
"1181",1181,2573,100,165,826
"1182",1182,548,80,89,250
"1183",1183,164,12,15,128
"1184",1184,1962,175,205,252
"1185",1185,453,35,51,126
"1186",1186,54,1,1,28
"1187",1187,925,15,35,253
"1188",1188,191,2,3,59
"1189",1189,819,17,38,223
"1190",1190,436,1,2,181
"1191",1191,23,5,5,26
"1192",1192,276,9,21,71
"1193",1193,141,28,30,104
"1194",1194,435,64,73,168
"1195",1195,5487,189,255,1552
"1196",1196,108,5,6,43
"1197",1197,371,9,11,114
"1198",1198,820,11,14,167
"1199",1199,118,10,16,104
"1200",1200,1024,14,18,252
"1201",1201,16,4,4,34
"1202",1202,211,1,2,47
"1203",1203,4,2,2,89
"1204",1204,74,8,10,31
"1205",1205,292,98,109,127
"1206",1206,1216,53,57,752
"1207",1207,663,12,38,140
"1208",1208,451,9,27,127
"1209",1209,199,7,12,196
"1210",1210,32,4,4,40
"1211",1211,134,9,14,44
"1212",1212,454,15,18,127
"1213",1213,9,4,4,24
"1214",1214,477,14,25,131
"1215",1215,35,3,4,6
"1216",1216,3958,261,332,791
"1217",1217,722,96,114,123
"1218",1218,432,57,65,167
"1219",1219,4,1,1,93
"1220",1220,205,32,36,109
"1221",1221,294,8,8,138
"1222",1222,228,37,43,104
"1223",1223,300,3,3,115
"1224",1224,125,45,44,65
"1225",1225,837,22,39,401
"1226",1226,26,1,1,32
"1227",1227,31,3,4,86
"1228",1228,37,2,2,24
"1229",1229,744,8,12,270
"1230",1230,227,11,15,152
"1231",1231,181,3,4,150
"1232",1232,13,1,1,19
"1233",1233,98,39,39,60
"1234",1234,443,35,46,139
"1235",1235,2692,31,62,345
"1236",1236,194,36,39,211
"1237",1237,1041,31,39,634
"1238",1238,202,39,41,159
"1239",1239,128,7,8,98
"1240",1240,1302,21,63,476
"1241",1241,305,2,2,165
"1242",1242,306,46,54,138
"1243",1243,69,14,14,41
"1244",1244,58,29,33,53
"1245",1245,48,12,13,32
"1246",1246,6419,172,298,2995
"1247",1247,1311,104,136,344
"1248",1248,13,3,3,46
"1249",1249,226,11,11,109
"1250",1250,468,53,61,103
"1251",1251,1248,243,286,214
"1252",1252,831,186,219,199
"1253",1253,2620,284,339,516
"1254",1254,38,3,4,74
"1255",1255,38,1,2,16
"1256",1256,119,1,6,102
"1257",1257,80,21,23,90
"1258",1258,9,1,1,19
"1259",1259,381,15,22,79
"1260",1260,764,97,120,367
"1261",1261,403,17,30,101
"1262",1262,1437,38,108,350
"1263",1263,2006,133,175,448
"1264",1264,23,1,3,17
"1265",1265,1634,22,32,7101
"1266",1266,1372,64,70,432
"1267",1267,623,61,68,331
"1268",1268,508,108,122,119
"1269",1269,27,14,14,38
"1270",1270,467,16,102,15
"1271",1271,32,3,3,47
"1272",1272,2,1,1,11
"1273",1273,78,3,3,79
"1274",1274,227,63,67,290
"1275",1275,114,14,19,69
"1276",1276,226,29,38,103
"1277",1277,151,29,29,85
"1278",1278,426,32,35,69
"1279",1279,2232,202,230,188
"1280",1280,175,77,80,91
"1281",1281,65,4,5,55
"1282",1282,453,101,110,139
"1283",1283,310,121,128,89
"1284",1284,115,56,57,82
"1285",1285,155,64,67,83
"1286",1286,213,78,83,133
"1287",1287,273,33,36,72
"1288",1288,110,54,56,81
"1289",1289,1870,81,113,567
"1290",1290,169,29,34,141
"1291",1291,255,69,75,183
"1292",1292,69,3,3,143
"1293",1293,406,28,31,386
"1294",1294,615,86,106,159
"1295",1295,240,7,7,146
"1296",1296,10,2,2,24
"1297",1297,929,8,10,473
"1298",1298,9,1,1,9
"1299",1299,381,44,74,569
"1300",1300,214,6,7,60
"1301",1301,3,1,1,17
"1302",1302,967,14,47,340
"1303",1303,16,1,1,12
"1304",1304,64,7,7,32
"1305",1305,63,7,7,21
"1306",1306,112,4,5,116
"1307",1307,5,2,2,15
"1308",1308,31,2,3,25
"1309",1309,1121,9,14,95
"1310",1310,9,1,1,12
"1311",1311,188,5,6,51
"1312",1312,251,7,8,113
"1313",1313,115,5,5,45
"1314",1314,15,3,3,67
"1315",1315,105,4,4,33
"1316",1316,22,5,5,29
"1317",1317,109,6,6,57
"1318",1318,45,3,3,27
"1319",1319,149,5,5,65
"1320",1320,48,5,5,22
"1321",1321,70,3,3,34
"1322",1322,8,1,1,48
"1323",1323,2239,13,21,684
"1324",1324,961,14,47,340
"1325",1325,22,3,3,34
"1326",1326,95,4,4,45
"1327",1327,10,3,3,26
"1328",1328,41,3,4,24
"1329",1329,17,4,4,38
"1330",1330,150,1,1,39
"1331",1331,43,4,4,25
"1332",1332,108,1,1,27
"1333",1333,52,1,2,22
"1334",1334,30,3,3,64
"1335",1335,458,78,85,178
"1336",1336,165,9,16,48
"1337",1337,2,1,1,33
"1338",1338,96,4,5,114
"1339",1339,524,33,44,103
"1340",1340,1522,120,128,553
"1341",1341,145,11,11,71
"1342",1342,993,86,94,621
"1343",1343,554,8,14,179
"1344",1344,257,7,7,141
"1345",1345,162,6,6,60
"1346",1346,2,1,1,30
"1347",1347,782,84,93,148
"1348",1348,8403,319,508,1575
"1349",1349,3288,84,136,599
"1350",1350,38,1,1,123
"1351",1351,17,1,1,123
"1352",1352,395,8,8,118
"1353",1353,2012,23,49,561
"1354",1354,6,3,3,82
"1355",1355,1313,41,42,310
"1356",1356,270,9,23,288
"1357",1357,1584,90,98,983
"1358",1358,417,35,45,469
"1359",1359,28,2,2,45
"1360",1360,289,2,2,111
"1361",1361,37,8,8,30
"1362",1362,543,20,33,86
"1363",1363,543,54,58,155
"1364",1364,841,67,88,417
"1365",1365,242,29,39,386
"1366",1366,40,8,8,43
"1367",1367,472,2,2,101
"1368",1368,1,1,1,2
"1369",1369,23,4,4,40
"1370",1370,41,3,5,24
"1371",1371,40,5,7,11
"1372",1372,72,6,8,334
"1373",1373,80,1,1,9276
"1374",1374,226,8,8,169
"1375",1375,2953,102,141,547
"1376",1376,1152,3,3,1137
"1377",1377,1226,188,213,328
"1378",1378,8330,252,419,4034
"1379",1379,292,46,53,473
"1380",1380,808,3,11,229
"1381",1381,113,16,17,55
"1382",1382,15,3,3,20
"1383",1383,37,2,4,24
"1384",1384,314,4,12,98
"1385",1385,10,2,2,9
"1386",1386,1947,277,343,361
"1387",1387,253,42,54,66
"1388",1388,929,185,222,392
"1389",1389,1168,52,83,320
"1390",1390,3680,236,290,889
"1391",1391,196,8,9,121
"1392",1392,29,2,3,52
"1393",1393,987,147,174,172
"1394",1394,1850,102,140,1605
"1395",1395,387,143,152,128
"1396",1396,85,3,3,8
"1397",1397,21,2,2,21
"1398",1398,292,13,20,96
"1399",1399,1209,76,116,158
"1400",1400,9,1,1,9
"1401",1401,6785,330,397,488
"1402",1402,733,59,74,250
"1403",1403,1036,15,18,3123
"1404",1404,443,46,54,529
"1405",1405,397,11,25,128
"1406",1406,13,1,1,23
"1407",1407,1511,54,91,684
"1408",1408,2056,91,127,302
"1409",1409,3505,221,324,581
"1410",1410,27,8,8,33
"1411",1411,472,86,108,86
"1412",1412,549,96,110,120
"1413",1413,355,87,99,105
"1414",1414,480,94,114,118
"1415",1415,248,9,24,66
"1416",1416,6526,54,222,1556
"1417",1417,4,2,2,1016
"1418",1418,494,9,20,419
